,x points,y points,x centre line, y centre line
0,0.03217761233289231,-0.0003369754863060175,0.016088806166446156,-0.00016848774315300874
1,0.002215771237443185,-0.4338712777353975,0.0011078856187215925,-0.21693563886769876
2,-0.00909882164746363,-0.8688417037918673,-0.004549410823731815,-0.43442085189593366
3,0.0015647777535856607,-1.301943928793311,0.0007823888767919621,-0.6509719643966619
4,0.037537513516023135,-1.729873627877261,0.04204352991867993,-0.650463678098156
5,0.10215032971526913,-2.1493264761813,0.10743159448116273,-0.6492820988707215
6,0.19873417042674946,-2.5569981488429474,0.20076078583659018,-0.6469699724092345
7,0.3306199797258891,-2.949584320999799,0.32584530725729877,-0.6430700444086223
8,0.5011229519998462,-3.323790568725052,0.48649148717150525,-0.6371300110316065
9,0.7107699715528997,-3.6780753204819963,0.6843273804443164,-0.629185878507932
10,0.9541176770549056,-4.0146501595190225,1.033364696805152,-0.4459963360485168
11,1.2249523925730028,-4.3362109221813325,1.295527696022268,-0.43688448615983944
12,1.5170604421743321,-4.6454534448140485,1.5719660597381073,-0.4231763574931929
13,1.8242281499260302,-4.945073563762423,1.8557700182524939,-0.40446887426426736
14,2.1402418398952383,-5.237767115371554,2.1408027349065324,-0.3807557870173631
15,2.458887836149101,-5.52622993598668,2.5469306982973334,-0.18224555358898584
16,2.7746200351120045,-5.812907883451485,2.8271315733827045,-0.15461772910681704
17,3.0866939173688035,-6.098448819033063,3.1064952886248745,-0.12783407722993195
18,3.3964663871539114,-6.382713706924152,3.386978148537452,-0.10268257713819391
19,3.705303222568578,-6.665560188417815,3.8044772673132585,0.08024535088374732
20,4.014570201714047,-6.94684590480717,4.098245114691725,0.09559765232552656
21,4.325633102691571,-7.2264284973853075,4.397637053685161,0.10798672469623219
22,4.6398569943858945,-7.504163787651801,4.702822368988508,0.11789899840159682
23,4.9584087351705,-7.7793990045812516,5.013871240041021,0.12607520010978343
24,5.28198675387863,-8.050279423926233,5.330619631511891,0.1338570331000503
25,5.611221828433803,-8.314776734545436,5.652869682615427,0.14267299409857692
26,5.946744736759517,-8.570862625297597,5.980423532565934,0.15395157983146596
27,6.289186256779295,-8.816508785041346,6.3131277276638915,0.16905209982284675
28,6.639177166416638,-9.049686902635383,6.651291891872186,0.18861237856837587
29,6.997348243595063,-9.268368666938398,7.162852514589991,0.34302059830614934
30,7.364245183450056,-9.470717109835196,7.516153742897957,0.3678242375202544
31,7.739510053469814,-9.656927435081371,7.876413336260102,0.39568453958209415
32,8.122240106085256,-9.82842008321848,8.243453112712603,0.4250803323787434
33,8.51152508401693,-9.986632383406056,8.617091135436493,0.4544819994883244
34,8.906454729985391,-10.133001664803611,8.997145467612809,0.48235992448898496
35,9.306118786711181,-10.268965256570722,9.383432801800277,0.5071879175390818
36,9.709606996914848,-10.395960487866946,9.775556351113439,0.5279734912373566
37,10.116009103316943,-10.515424687851782,10.172676251687845,0.5448318585784806
38,10.524414848638001,-10.628795185684845,10.57389752107945,0.558016029995025
39,10.933913975598587,-10.737509310525615,10.978325176844198,0.5677790159196378
40,11.34367116935871,-10.842884571843221,11.385101707757766,0.5744337366301142
41,11.753466432486288,-10.945254695527467,11.793677261299802,0.5787850041939633
42,12.163381578923484,-11.044470864523296,12.203652890637015,0.5818789021510558
43,12.573500502005874,-11.14038093719385,12.614630688632873,0.5847631763322071
44,12.983907095069046,-11.232832771902165,13.026212748150838,0.5884855725682843
45,13.394685251448577,-11.321674227011346,13.438001162054377,0.5940938366900901
46,13.80591886448004,-11.40675316088452,13.849599554351954,0.6026319141129589
47,14.217691827499037,-11.487917431884735,14.260784140298988,0.6147153659705016
48,14.630088033841126,-11.565014898375049,14.671659722052452,0.6301441763248959
49,15.04319137684189,-11.63789341871865,15.082367947738229,0.6486268748092492
50,15.457085749836933,-11.706400851278524,15.493050465482217,0.6698719910568469
51,15.871849117734595,-11.770409340502725,15.90384595919669,0.693575911658411
52,16.287445421862163,-11.830258133878731,16.314836101003344,0.7192014716849499
53,16.70373575807119,-11.886707790291668,16.726051140286067,0.7460008505086622
54,17.120577536870464,-11.940533965809161,17.137519483757345,0.773218678910484
55,17.537828168768762,-11.992512316498804,17.752571262362444,0.8513412985369408
56,17.955345064274837,-12.043418498428244,18.164908121615955,0.8751340040124587
57,18.37298563389749,-12.094028167665094,18.577683206653553,0.8967115102236557
58,18.790607288145484,-12.14511698027699,18.99092492418771,0.9153184479514936
59,19.208067437527607,-12.197460592331531,19.404661680930896,0.9301994479769087
60,19.625223492552635,-12.251834659896373,19.818921883595632,0.9405991410808242
61,20.041932863729322,-12.309014839039119,20.233712100090987,0.9458582156004651
62,20.45805296156647,-12.369776785827401,20.64892160503477,0.9458332721582917
63,20.87344119657284,-12.434896156328847,21.06440046408707,0.9405533712227281
64,21.28795555044841,-12.505145295928173,21.47999900078479,0.9300493505240846
65,21.70154423388699,-12.58077357348253,21.895612653161805,0.9146135360564918
66,22.114343386666864,-12.660941101548445,22.311230823794123,0.8950828819643109
67,22.526512623831152,-12.7446719276335,22.72685465289027,0.8723623749164668
68,22.938211560422904,-12.830990099245247,23.142485280658715,0.8473570015818611
69,23.34959981148525,-12.918919663891264,23.558123847307964,0.8209717486293546
70,23.760836992061268,-13.007484669079098,23.973771493046446,0.7941116027278621
71,24.172082717194034,-13.095709162316377,24.389429358082648,0.7676815505462448
72,24.58349660192665,-13.182617191110651,24.805098582625053,0.7425865787533779
73,24.995238261302212,-13.26723280296948,25.220780306882165,0.7197316740182003
74,25.407467310363792,-13.348580045400466,25.636475671062446,0.7000218230095481
75,25.82034336415449,-13.425682965911149,26.0521880568396,0.6843494187402499
76,26.234022210006017,-13.497590463371965,26.467971894069876,0.6732968617187378
77,26.64855050235661,-13.564059980443906,26.883880802630937,0.666790250235974
78,27.06385257169801,-13.625643146306638,27.299909640789526,0.6643451029055731
79,27.479846271827217,-13.682933639990358,27.716050028465027,0.6654559134158706
80,27.896449456541195,-13.736525140525245,28.13229358557676,0.6696171754552289
81,28.31357997963695,-13.787011326941435,28.54863193204411,0.6763233827119968
82,28.731155694911447,-13.834985878269139,28.965056687786426,0.6850690288745231
83,29.149094456161695,-13.881042473538512,29.381559472723083,0.6953486076311954
84,29.567314117184672,-13.925774791779702,29.79813190677346,0.7066566126703621
85,29.985732531777362,-13.969776512022902,30.214765609856876,0.7184875376803601
86,30.404267553736744,-14.013641313298312,30.63145220189269,0.7303358763495249
87,30.822837036859806,-14.05796287463606,31.048183302800297,0.741696122366257
88,31.241358834943565,-14.103334875066324,31.464950532499046,0.7520627694189057
89,31.65975080178497,-14.150350993619293,31.881744582474735,0.7609375071497021
90,32.077930791181025,-14.199604909325103,32.29853955755048,0.7679505824423385
91,32.4958202644288,-14.251654025124816,32.71529706210136,0.7728612469070795
92,32.913423165086805,-14.306226323643958,33.1320194728312,0.7758470958268412
93,33.33082564753474,-14.362223096725119,33.5487502718544,0.7774990698761168
94,33.7481174193642,-14.418509906030126,33.96553471789137,0.7784259748197365
95,34.165388188166744,-14.473952313220767,34.38241806966239,0.7792366164225313
96,34.58272766153399,-14.527415879958795,34.79944558588786,0.7805398004493946
97,35.00022554705747,-14.577766167906136,35.216662525288115,0.7829443326650929
98,35.417971552328815,-14.623868738724475,35.634114146583514,0.7870590188345337
99,35.83605538493957,-14.66458915407567,36.05184570849446,0.7934926647225463
100,36.25456675248136,-14.698792975621519,36.46990246419501,0.8028496520179651
101,36.67359536254575,-14.725345765023807,36.88832947840457,0.8155840377562549
102,37.09322769212976,-14.743155559301233,37.307169970380684,0.8319450458957082
103,37.513447891945184,-14.752475765625915,37.726415982245314,0.8514980535972808
104,37.93411926852897,-14.755148631670195,38.14599913403307,0.8730140177717896
105,38.35509816209425,-14.753107997251924,38.56584756261656,0.8952180992573147
106,38.7762409128542,-14.748287702188934,38.98588940486848,0.9168354588919608
107,39.197403861021975,-14.742621586298995,39.40605279766152,0.9365912575138204
108,39.618443346810764,-14.738043489399992,39.826265877868366,0.9532106559609599
109,40.03921571043373,-14.736487251309697,40.24645678236169,0.9654188150715227
110,40.45957729210403,-14.739886711845966,40.666553648014165,0.9719408956835371
111,40.87938443203482,-14.750175710826598,41.08648461169847,0.9715020586351338
112,41.29849347043929,-14.769288088069445,41.506175074792935,0.9629425640366852
113,41.71676457229698,-14.799110213552574,41.92553281051378,0.9459485992865542
114,42.134185870140904,-14.83994022970829,42.34452107559712,0.9213581242658841
115,42.55090064836801,-14.890150662224942,42.76318066784166,0.8909733743977746
116,42.96706151632171,-14.947998303258652,43.18155704751944,0.8566544518714919
117,43.38282108334548,-15.011739944965461,43.59969567490245,0.8202614588762518
118,43.79833195878275,-15.079632379501449,44.017642010262705,0.7836544976013465
119,44.21374675197695,-15.149932399022713,44.435441513872206,0.7486936702359657
120,44.62921807227154,-15.220896795685329,44.85313964600309,0.7172390789642347
121,45.04489850667873,-15.290782563192035,45.27079125477458,0.6908568368019745
122,45.46090718667411,-15.35814864221322,45.68847176373572,0.6697956866099655
123,45.87726256630921,-15.422462619520672,46.10621551087945,0.6535607204537524
124,46.2939642385045,-15.483362309654742,46.524047403633176,0.6415719165146263
125,46.71101179618037,-15.540485527155916,46.94199234942421,0.6332492529737641
126,47.128404832257246,-15.593470086564636,47.360075255679924,0.628012708012432
127,47.546142939655574,-15.641953802421344,47.7783210298277,0.6252822598117935
128,47.964225711295775,-15.685574489266463,48.1967545792949,0.6244778865531397
129,48.38265274009829,-15.723969961640394,48.61540081150892,0.6250195664176986
130,48.80142361898354,-15.75677803408362,49.034284633897066,0.6263272775866722
131,49.22053794087194,-15.78363652113656,49.45343095388674,0.6278209982413013
132,49.63999383907936,-15.804225223669178,49.872863949103035,0.6288997133980584
133,50.059765618018766,-15.818909394071463,50.29259146359508,0.628762714915412
134,50.47980816497114,-15.828612829229955,50.71258300881413,0.6272564886777435
135,50.90007580157829,-15.834275596954601,51.13279640901649,0.6245885074244809
136,51.320522849482046,-15.836837765055373,51.55318945901008,0.6209671970474833
137,51.74110363032423,-15.837239401342124,51.97371995360276,0.6166009834385966
138,52.16177246574665,-15.836420573624878,52.39434568760241,0.6116982924896289
139,52.58248367739111,-15.835321349713555,52.81502445581688,0.6064675500924265
140,53.003191586899405,-15.834881797418104,53.23571405305403,0.6011171821388106
141,53.42385051591339,-15.83604198454844,53.65637227412174,0.5958556145206398
142,53.84441480177807,-15.839741647133318,54.07695692167951,0.5908914390203399
143,54.26485183178266,-15.846644798849685,54.49743540012772,0.586454051048062
144,54.68516570011866,-15.856639901137383,54.917808540826535,0.582587141296536
145,55.10536690764932,-15.86948005373878,55.33808498720917,0.5792267390896922
146,55.52546595523781,-15.884918356396387,55.758273383870815,0.5763088295407318
147,55.94547334374739,-15.902707908852616,56.17838237540676,0.5737693977629439
148,56.365399574041305,-15.922601810849937,56.59842060641226,0.5715444288695669
149,56.785255146982756,-15.944353162130788,57.018396721482496,0.5695699079738399
150,57.20505056343496,-15.967715062437627,57.438319365212685,0.5677818201889887
151,57.62479632426116,-15.992440611512905,57.858197182198126,0.5661161506283284
152,58.044502930324576,-16.01828290909905,58.278038817034,0.5645088844050724
153,58.46418088248843,-16.044995054938518,58.69785291431559,0.562896006632485
154,58.88384068161594,-16.072330148773798,59.117648118638094,0.5612135024237658
155,59.30349282857035,-16.10004129034728,59.53743310908468,0.5593994877970885
156,59.723147824214905,-16.12788157940143,59.95721681235352,0.5574073781520159
157,60.142815512707536,-16.155611059677103,60.37700793498876,0.5551938021535049
158,60.562500808901525,-16.183041897361147,60.796812719335726,0.5526893552631139
159,60.98220638829095,-16.210009937615958,61.21663628806004,0.5498127934545287
160,61.40193491514698,-16.236351144273492,61.63648375821591,0.546482813366724
161,61.82168905374083,-16.26190148116573,62.056360246857636,0.5426181116386608
162,62.241471468343704,-16.286496912124537,62.47627087103949,0.5381373849093518
163,62.661284823226794,-16.30997340098199,62.896220747815676,0.5329593298176564
164,63.0811317826614,-16.332166911569892,63.316214994240475,0.5270026430026127
165,63.501015010918664,-16.35291340772027,63.73625788173048,0.5202204963107193
166,63.92093717226984,-16.37204885326505,64.15634888901077,0.512761451451715
167,64.34090093098614,-16.38940921203622,64.57648580835601,0.5048428238506382
168,64.76090895133872,-16.404830447865677,64.99666643017044,0.4966820051828662
169,65.18096389759886,-16.41814852458538,65.4168885448583,0.48849638712377685
170,65.60106829273754,-16.429213648948547,65.83714987217377,0.48049623988815404
171,66.02122228869067,-16.438115025625958,66.25744694635345,0.47277233473195923
172,66.44142407123032,-16.445140046619883,66.67777531855205,0.46531634924543996
173,66.86167176669329,-16.45058209492691,67.09813051020662,0.4581169655216173
174,67.28196350141653,-16.454734553543638,67.51850804275428,0.4511628656536021
175,67.70229740173703,-16.45789080546658,67.93890343763218,0.44444273173447846
176,68.12267159399165,-16.460344233692325,68.3593122162774,0.4379452458573061
177,68.54308420451731,-16.46238822121743,68.77973034183896,0.43166231593207527
178,68.96353335965088,-16.464316151038528,69.20015733260732,0.4256118130279388
179,69.38401718572936,-16.46642140615211,69.62059442157445,0.4198241306600592
180,69.80453380908958,-16.468997369554778,70.04104285278767,0.4143297430802436
181,70.2250813560685,-16.472337424243086,70.46150387029418,0.4091591245403263
182,70.64565795300302,-16.476734953213604,70.88197871814124,0.40434274929211533
183,71.06626172623005,-16.482483339462917,71.30246864037622,0.399911091587418
184,71.48689011920212,-16.489818061384824,71.7229745396041,0.3959235779794965
185,71.90753567368485,-16.498558963025875,72.1434948675865,0.39264745219515873
186,72.32818879007269,-16.50834431267729,72.5640270053995,0.3904407458389051
187,72.74883985979461,-16.518811618423214,72.98456758333198,0.3896089350668722
188,73.16947927427968,-16.529598388347736,73.40510873201971,0.3901383345527786
189,73.59009742495694,-16.54034213053499,73.82564090398046,0.39189622965643245
190,74.01068470325542,-16.550680353069087,74.24615454886954,0.39474970270557785
191,74.43123150060416,-16.56025056403415,74.66664011634234,0.39856583602794615
192,74.85172820843222,-16.56869027151427,75.08708805605421,0.40321171195121686
193,75.27216521816861,-16.575636983593604,75.5074888176605,0.4085544128031212
194,75.69253292124239,-16.580728208356255,75.92783285081653,0.41446102091135273
195,76.11282170908255,-16.583601453886317,76.34811060517762,0.4207986186036421
196,76.53302197311824,-16.58389422826794,76.76831253039919,0.4274342882076948
197,76.9531241047784,-16.581244039585208,77.18842907613661,0.434235112051229
198,77.37311849549211,-16.575288395922268,77.60845069204512,0.4410681724619384
199,77.79299553668841,-16.56566480536323,78.02836782778014,0.44780055176754086
200,78.21274575677693,-16.552014577999696,78.44817100148732,0.45429743129204103
201,78.63237080952022,-16.534287817058857,78.86785649987594,0.4602826923458243
202,79.0518915115455,-16.51296650651848,79.28743412539973,0.4654645387335947
203,79.47133057450392,-16.48858522827507,79.7069181628749,0.4697497283096912
204,79.89071071004666,-16.461678564225206,80.12632302282557,0.4730530152422431
205,80.31005462982489,-16.43278109626544,80.54566311577585,0.475289153699328
206,80.72938504548975,-16.40242740629228,80.96495285224984,0.47637289784910075
207,81.14872466869252,-16.37115207620229,81.38420664277169,0.4762190018596647
208,81.56809621108427,-16.33948968789201,81.80343889786542,0.4747422198991488
209,81.98752238431624,-16.307974823257936,82.2226640280552,0.471857306135682
210,82.4070259000396,-16.277142064196664,82.64189644386515,0.4674790147373553
211,82.8266294699055,-16.24752599260472,83.06115055581928,0.46152209987229753
212,83.2463558055652,-16.219661190378634,83.48044077444185,0.45390131570863756
213,83.66622761866974,-16.194082239414946,83.8997815102568,0.44453141641447935
214,84.08626762087047,-16.1713237216102,84.31918717378835,0.43332715615796424
215,84.50649766855548,-16.151906236329758,84.73867174792906,0.42021028037276764
216,84.92690427352069,-16.13577254091688,85.1582315432754,0.40539145550365874
217,85.34742678276895,-16.12209430447912,85.57783927707419,0.38946304166222157
218,85.76800126214576,-16.10998955310732,85.9974658144161,0.37296984344421913
219,86.18856377749667,-16.098576312892185,86.41708182906386,0.35638940663914376
220,86.60905039466716,-16.086972609924537,86.83665798788941,0.3401968547468194
221,87.02939717950281,-16.074296470295096,87.25616495776477,0.3248673112671854
222,87.44954019784909,-16.059665920094613,87.67557340556188,0.31087589970011653
223,87.86941551555162,-16.042198985413847,88.09485399815281,0.2986977435455386
224,88.28895919845591,-16.021013692343583,88.5139774024095,0.288807966303289
225,88.70810731240736,-15.995228066974569,88.93291428520394,0.28168169147330646
226,89.12679671863896,-15.963971131030481,89.35163571110179,0.27778854473903614
227,89.54500244753343,-15.926899566124133,89.77013182924371,0.27733432183931706
228,89.96275376824877,-15.88441986428167,90.18841990815784,0.2801499133063621
229,90.38008408415935,-15.836995669970342,90.60651928348067,0.2860376334518193
230,90.79702679863941,-15.785090627657524,91.0244492908485,0.29479979658726274
231,91.21361531506331,-15.729168381810508,91.4422292658978,0.30623871702436745
232,91.62988303680531,-15.669692576896587,91.85987854426486,0.3201567090746934
233,92.04586336723979,-15.607126857383133,92.27741646158614,0.33635608704990316
234,92.461589709741,-15.541934867737437,92.69486235349795,0.35463916526155725
235,92.87709546768322,-15.47458025242683,93.11223555563674,0.3748082580213177
236,93.29241404444085,-15.405526655918619,93.52955540363882,0.3966656796407705
237,93.70757884338812,-15.335237722680136,93.94684123314069,0.42001374443155226
238,94.12262326789934,-15.264177097178676,94.36411237977858,0.4446547667052624
239,94.53758072134886,-15.192808423881578,94.78138817918901,0.47039106077352366
240,94.95248460711099,-15.121595347256168,95.19868732950306,0.4970148995610887
241,95.36736509088183,-15.050943378642025,95.61602354114189,0.524294559249108
242,95.78223397907088,-14.980928384889731,96.0334002361746,0.552145674918167
243,96.19709661462781,-14.91151018019952,96.24083155395306,0.5868547772632733
244,96.61195833330547,-14.842648449550666,96.65824846360711,0.6149727627137769
245,97.0268244708567,-14.77430287792238,97.07570890026732,0.643629727908428
246,97.44170036303437,-14.706433150293947,97.49321305000245,0.6727993882788184
247,97.85659134559134,-14.6389989516446,97.91076109888121,0.7024554592565533
248,98.27150275428042,-14.571959966953601,98.32835323297235,0.7325716562732631
249,98.68643992485443,-14.505275881200209,98.74598963834458,0.7631216947605404
250,99.10140819306628,-14.438906379363685,99.16367050106668,0.7940792901500149
251,99.5164128946688,-14.372811146423249,99.5813960072074,0.8254181578732787
252,99.93145936541478,-14.306949867358188,99.9991663428354,0.8571120133619499
253,100.3465529410306,-14.241282227403744,100.41698169400621,0.8891345719196491
254,100.76169814021773,-14.17577578952111,100.8348418382629,0.9214556099870015
255,101.17689652092945,-14.110426664107882,101.25274507277442,0.9540306302864621
256,101.59214897066606,-14.045237426046826,101.67068935948318,0.9868119032978795
257,102.00745637692796,-13.980210650220673,102.08867266033175,1.0197516995011255
258,102.42281962721546,-13.915348911512218,102.5066929372626,1.0528022893760494
259,102.8382396090289,-13.850654784804185,102.9247481522182,1.0859159434025227
260,103.25371720986855,-13.786130844979414,103.342836267141,1.1190449320603566
261,103.66925331723483,-13.721779666920602,103.7609552439735,1.1521415258294363
262,104.08484881862802,-13.65760382551052,104.1791030446582,1.1851579951896483
263,104.50050460154851,-13.593605895631924,104.5972776311376,1.2180466106208268
264,104.9162108303095,-13.529736757740437,105.01547172733652,1.2507872613144646
265,105.3319131033106,-13.4657324485733,105.4336567280254,1.2834809313701943
266,105.74754544299313,-13.401273199394295,105.85179868387112,1.3162628707136224
267,106.16304187177528,-13.336039241355717,106.26986364799866,1.3492683647299692
268,106.57833641207526,-13.26971080560989,106.68781767353283,1.3826326988044044
269,106.99336308631122,-13.201968123309154,107.10562681359868,1.4164911583221862
270,107.40805591690145,-13.132491425605801,107.5232571213211,1.450979028668497
271,107.822348926264,-13.060960943652155,107.94067464982501,1.486231595228568
272,108.23617613681722,-12.987056908600518,108.35784545223541,1.5223841433876335
273,108.64947157097919,-12.91045955160326,108.77473558167719,1.5595719585308363
274,109.0621692511682,-12.830849103812604,109.19131109127531,1.5979303260434612
275,109.47420319980236,-12.747905796380925,109.6075380341547,1.6375945313106892
276,109.88551163069366,-12.661335732784183,110.02338455913716,1.6786869235559212
277,110.29607959058426,-12.571134103331913,110.43884223150964,1.72118530858574
278,110.70592146621242,-12.477477206080843,110.8539172865571,1.764976938333183
279,111.11505209547441,-12.380544123962977,111.2686161851435,1.8099476722935728
280,111.52348631626653,-12.280513939910474,111.68294538813284,1.855983369962243
281,111.93123896648508,-12.177565736855296,112.09691135638916,1.9029698908345667
282,112.33832488402639,-12.07187859772953,112.5105205507764,1.9507930944058784
283,112.7447589067867,-11.963631605465256,112.92377943215857,1.999338840171514
284,113.15055587266232,-11.853003842994491,113.3366944613996,2.048492987626794
285,113.55573061954966,-11.740174393249305,113.74927209936361,2.0981413962671174
286,113.96029798534487,-11.625322339161762,114.16151896521342,2.1481719649874025
287,114.36428284938715,-11.50864385561626,114.57344800342877,2.198480854086836
288,114.76777113223714,-11.39043901826923,114.98510332101733,2.2489205434382407
289,115.17087169391327,-11.271046948970316,115.39654049919282,2.299324047495891
290,115.57369343563161,-11.150806839693669,115.597951370052,2.359444102134221
291,115.97634525860812,-11.0300578824134,116.00914105125598,2.409898824291963
292,116.37893606405903,-10.909139269103594,116.42027824727995,2.45981372395303
293,116.78157475320022,-10.788390191738378,116.83141855993624,2.5090217805094506
294,117.18437022724787,-10.66814984229183,117.2426175910374,2.5573559733533275
295,117.58743138741808,-10.54875741273806,117.65393094239593,2.604649281876737
296,117.99086713492677,-10.430552095051194,118.06541421582432,2.650734685471731
297,118.39478637099019,-10.3138730812053,118.47712301313503,2.6954451635303736
298,118.79929799682428,-10.19905956317452,118.88911293614055,2.738613695444743
299,119.20451091364512,-10.086450732932931,119.30143958665332,2.7800732606068776
300,119.61052891878813,-9.97637739467866,119.71415601454555,2.8196610322969167
301,120.01738705718401,-9.869057364121971,120.12728089348701,2.8572706780387653
302,120.42507109169665,-9.764627466260364,120.54080825611412,2.8928363607128444
303,120.83356571120504,-9.663222761092747,120.95473159807078,2.926293125698809
304,121.24285560458848,-9.564978308617949,121.36904441500113,2.9575760183763617
305,121.65292546072587,-9.470029168834916,121.78374020254908,2.986620084125171
306,122.06375996849644,-9.378510401742474,122.19881245635864,3.0133603683249026
307,122.47534381677926,-9.29055706733955,122.61425467210287,3.0377334147090274
308,122.88766169445343,-9.206304225624967,123.03006034682699,3.0597466671324893
309,123.30069829039815,-9.125886936597635,123.44622297951521,3.0795077424494037
310,123.71443829349238,-9.049440260256471,123.86273606929817,3.0971318305655515
311,124.12886639261541,-8.977099256600283,124.2795931153067,3.112734121386841
312,124.54396727664623,-8.908998985628013,124.69678761667144,3.126429804819133
313,124.95972563446398,-8.845274507338468,125.11431307252322,3.1383340707682956
314,125.37612615494776,-8.786060881730617,125.53216298199268,3.1485621091401503
315,125.7931535269767,-8.731493168803263,125.95033084421054,3.157229109840569
316,126.21078266741036,-8.681608821571254,126.36880527229778,3.164499066267426
317,126.62892928486423,-8.635853896551566,126.78754527525336,3.170831670067551
318,127.04748690532026,-8.59345288091884,127.20649877075935,3.1767973975588975
319,127.4663490157315,-8.553629872007942,127.62561365698342,3.1829669199793447
320,127.88540910305068,-8.515608967153764,128.04483783209324,3.1899109085667465
321,128.30456065423073,-8.47861426369124,128.4641191942563,3.1982000345588917
322,128.72369715622446,-8.441869858955226,128.88340564164028,3.2084049691936993
323,129.14271209598485,-8.404599850280647,129.3026450724128,3.2210963837089848
324,129.56149896046472,-8.366028335002408,129.72178538474142,3.236844949342565
325,129.97995123661678,-8.325379410455398,130.14077447423892,3.256221025758025
326,130.39796241139422,-8.281877173974491,130.55955939179077,3.279691953344778
327,130.8154259717497,-8.234745722894592,130.9780851270241,3.307473690386553
328,131.2322354046361,-8.183209154550616,131.39629636107358,3.339744572801714
329,131.6482841970064,-8.126491566277425,131.81413777507436,3.3766829365087148
330,132.06346750873044,-8.063833504368231,132.23155488661962,3.418458892946728
331,132.47772850023887,-7.994947480653877,132.64851721358326,3.4650065707862012
332,132.89106430772358,-7.920076723666721,133.06502126171966,3.515994740346799
333,133.3034749404925,-7.839492711854488,133.48106497334126,3.571078046990476
334,133.7149604078536,-7.7534669236648615,133.89664629076037,3.629911136079288
335,134.1255207191148,-7.662270837545501,134.31176315628952,3.692148652975188
336,134.5351558835841,-7.566175931944129,134.726413512241,3.7574452430402077
337,134.94386591056954,-7.465453685308379,135.14059530092743,3.825455551636336
338,135.35165080937895,-7.3603755760859775,135.5543064646611,3.895834224125529
339,135.75851058932022,-7.251213082724616,135.75773635463176,3.9504154708062162
340,136.1644452597014,-7.13823768367197,136.17051228094505,4.024723605396178
341,136.56945482983053,-7.021720857375713,136.58281347158442,4.100573655379371
342,136.97353930901548,-6.901934082283525,136.9946380075428,4.177635751730373
343,137.37669870656418,-6.779148836843133,137.40598532909243,4.255731808031559
344,137.7789330317846,-6.653636599502169,137.81685564662968,4.334769733006309
345,138.18024231499442,-6.525668857783346,138.22724918984503,4.414658412277743
346,138.58065439366322,-6.395529110300449,138.63718009200483,4.495300725923458
347,138.9802797073197,-6.263536535008352,139.04670378740497,4.57658171435058
348,139.37924396288722,-6.130016904498893,139.45588334403882,4.658383120647638
349,139.77767286728914,-5.995295991363745,139.86478182989958,4.740586687903356
350,140.17569212744894,-5.859699568194696,140.27346231298054,4.82307415920631
351,140.5734274502899,-5.723553407583518,140.68198786127502,4.905727277645135
352,140.9710045427354,-5.587183282121922,141.09042154277623,4.9884277863084625
353,141.3685491117088,-5.450914964401722,141.49882642547752,5.07105742828495
354,141.76618686413357,-5.315074227014653,141.90726557737207,5.1534979466631645
355,142.16404350693304,-5.179986842552452,142.31580206645324,5.235631084531802
356,142.56224474703052,-5.045978583606918,142.7244989607143,5.317338584979455
357,142.96091629134952,-4.913375222769762,143.13341932814848,5.398502191094744
358,143.36018384681333,-4.782502532632758,143.54262623674913,5.479003645966314
359,143.76016847015882,-4.653679771252835,143.95218042941613,5.558727949950218
360,144.16094227595235,-4.5271576326687,144.15256733231288,5.621989019242285
361,144.56254807415468,-4.403145757539466,144.56292107706554,5.699600322976213
362,144.9650282789089,-4.281853232015363,144.97370120428295,5.776189024167476
363,145.36842530435808,-4.163489142246725,145.384929909292,5.851677034815473
364,145.77278156464504,-4.048262574383822,145.79663461516247,5.925863470373145
365,146.17813947391292,-3.9363826145769343,146.2088449089797,5.998496614862551
366,146.5845414463046,-3.8280583489763598,146.6215903847371,6.0693245900412425
367,146.99202989596313,-3.7234988637323796,147.03490063642803,6.1380955176666685
368,147.40064723703154,-3.6229132449952637,147.44880525804584,6.2045575194963325
369,147.81043588365273,-3.5265105789153575,147.86333384358397,6.268458717287736
370,148.22143824996974,-3.434499951642893,148.27851598703575,6.329547232798329
371,148.63366868361697,-3.3469940440925945,148.69436724914024,6.3876193904034295
372,149.04682074974846,-3.263003686179,149.11074279939643,6.443022439978405
373,149.46038363478243,-3.1808376903172113,149.52739561793518,6.496454640148298
374,149.87384323278454,-3.098793560069148,149.94407703871133,6.548619903964833
375,150.28668543782013,-3.015168798996679,150.3605383956793,6.600222144479677
376,150.69839614395494,-2.928260910661648,150.77653102279393,6.651965274744555
377,151.10846124525435,-2.8363673986259874,151.1918055821955,6.704562672953197
378,151.51636663578415,-2.7377857664515037,151.6060951210768,6.75897589301043
379,151.92159820960967,-2.6308135177001164,152.0191137788574,6.816432879054037
380,152.3236418925492,-2.5137482568075487,152.43057478004724,6.8781746385607345
381,152.72218342313195,-2.3855223671515935,152.84029125551174,6.945124789536198
382,153.11758204630985,-2.2472078742377066,153.2484130893278,7.017137128922281
383,153.51033876421917,-2.10032714767124,153.65516104416437,7.0938402816108805
384,153.90095457899605,-1.9464025570575818,154.0607558826904,7.174862872493879
385,154.28993049277688,-1.7869564720020064,154.46541836757487,7.259833526463214
386,154.67776750769787,-1.6235112621099281,154.65933687503534,7.341556131409259
387,155.06496662589524,-1.457589296986672,155.0629688205855,7.4313418509724
388,155.45202884950533,-1.2907129462375884,155.46636043890013,7.523571698602985
389,155.83945518066437,-1.1244045794680286,155.86973249264838,7.617874299192925
390,156.22774662150863,-0.96018656628333,156.2733057444991,7.713878277634101
391,156.61740417417428,-0.7995812762888806,156.67730111857082,7.811210257710467
392,157.0089288407977,-0.6441110790900071,157.08195920146738,7.9092531538154365
393,157.40282162351514,-0.49529834429202113,157.48755883581555,8.006915710785396
394,157.799434929041,-0.3542370547428546,157.8943089714861,8.103266269010861
395,158.19847462154624,-0.22015727136915975,158.30209528707826,8.19830512984296
396,158.59947076496837,-0.09178223940317198,158.71071556107438,8.292286002480042
397,159.0019534196827,0.03216480619299733,159.11996757017576,8.385462601255526
398,159.4054526460644,0.1529606304571729,159.5296490910837,8.478088640502786
399,159.80949850448857,0.2718819984272185,159.93955790049952,8.570417834555194
400,160.21362105533055,0.39020567514099636,160.3494917751244,8.662703897746168
401,160.61735035896558,0.5092084256363434,160.75924849165963,8.755200544409073
402,161.0202164757688,0.6301670149510985,161.1686258192818,8.848161581307487
403,161.42174946611547,0.7543582081231746,161.57741487773836,8.941922493804615
404,161.82147939038072,0.8830587701903203,161.98538793731024,9.03705030563732
405,162.2189363089399,1.017545466190488,162.18411639658984,9.104293653637413
406,162.61365028216818,1.1590950611614508,162.5896709378421,9.204927583189606
407,163.00515138567025,1.3089842798469344,162.99371242447262,9.308782312246162
408,163.3931572841361,1.467993527930014,163.3961036118691,9.416217430028128
409,163.77804093527445,1.635169451287522,163.79703490192867,9.526725645853475
410,164.1603182991958,1.8091803431979308,164.19676819774918,9.639610492740939
411,164.54050533601074,1.9886944969398663,164.59556540242858,9.754175503709334
412,164.9191180058298,2.1723802057917374,164.9936884190648,9.869724211777442
413,165.29667226876367,2.3589057630321424,165.39139915075586,9.985560149964039
414,165.67368408492274,2.546939461939569,165.7889595005996,10.10098685128792
415,166.05066941441763,2.735149595792514,166.1866313716941,10.215307848767868
416,166.42814421735892,2.9222044578695114,166.58467347382373,10.327857443035981
417,166.80662445385713,3.106772341449063,166.77391359207286,10.420141384825772
418,167.1866260840229,3.287521539809741,167.1733276870682,10.528514541646407
419,167.56866506796663,3.4631203462299798,167.57384606231486,10.633517454836745
420,167.95325736579906,3.63223705398838,167.97570371648553,10.734712881877346
421,168.3409189374673,3.793539956780476,168.37913564817092,10.831663580457175
422,168.73200501709718,3.9461077669411067,168.7842964930512,10.924137517584851
423,169.12624722583985,4.090611612922753,169.19102908031917,11.012698868327794
424,169.52322596033022,4.228108779923694,169.59910062690963,11.098104886126409
425,169.92252161720313,4.35965655314229,170.00827834975715,11.181112824421001
426,170.32371459309357,4.486312217776883,170.41832946579655,11.262479936652024
427,170.72638528463634,4.609133059025767,170.82902119196243,11.3429634762598
428,171.13011408846634,4.729176362087275,171.24012074518947,11.423320696684707
429,171.5344814012185,4.8474994121597605,171.65139534241243,11.50430885136714
430,171.93906761952772,4.965159494441508,172.062612200566,11.586685193747412
431,172.34345314002883,5.083213894130885,172.4735385365848,11.671206977265937
432,172.7472183593568,5.202719896426198,172.88394156740358,11.758631455363075
433,173.14994367414644,5.324734786525741,173.29359218497987,11.8496627038935
434,173.55120948103274,5.450315849627908,173.70228496385357,11.944662111711768
435,173.95059617665055,5.580520370931018,173.9019783116625,12.009764372363321
436,174.34768415763475,5.716405635633352,174.3083678606414,12.111797803778906
437,174.7420583259059,5.859017906478323,174.7131999777273,12.218773169580363
438,175.13355671026474,6.00878415592766,175.11640746872789,12.330600464515879
439,175.5224001085991,6.165194888630397,175.51811452399434,12.446721449427269
440,175.90884115066544,6.327662730636544,175.91846124981214,12.566538945856859
441,176.29313246622,6.495600307996005,176.31758775246672,12.689455775346914
442,176.67552668501932,6.668420246758831,176.71563413824367,12.814874759439832
443,177.05627643681962,6.845535172974957,177.1127405134283,12.942198719677794
444,177.43563435137727,7.026357712694366,177.5090469843061,13.0708304776032
445,177.81385305844887,7.2103004919670886,177.90469365716257,13.200172854758318
446,178.1911851877906,7.396776136843021,178.29982063828322,13.329628672685459
447,178.5678833691588,7.585197273372203,178.6945680339535,13.458600752926946
448,178.94420023230998,7.774976527604586,179.0890759504588,13.586491917025048
449,179.3203884070004,7.96552652559016,179.277170037804,13.681766916017835
450,179.69670052298656,8.15625989337893,179.67164290006272,13.808103170584477
451,180.07338921002474,8.346589257020819,180.06630959020666,13.932229735689818
452,180.4507070978713,8.535927242565833,180.46134675513534,14.054039655539054
453,180.8289068162826,8.723686476063975,180.85693116608766,14.173427642452948
454,181.20816449230028,8.909420302036114,181.25320134294503,14.290358767987648
455,181.58816730809568,9.093581426217238,181.65005133315387,14.405247784306376
456,181.96841000791247,9.276976523100116,182.04727896519665,14.518686427951284
457,182.3483868734945,9.46041311789618,182.44468183630607,14.631266860823795
458,182.72759218658538,9.644698735816743,182.84205754371456,14.743581244825293
459,183.10552022892898,9.83064090207319,183.23920368465474,14.856221741857244
460,183.481665282269,10.019047141876946,183.4272762113247,14.950424861759124
461,183.85552162834932,10.210724980439386,183.82284602939924,15.065619433102288
462,184.22658354891357,10.406481942971887,184.21752861634252,15.182728203884443
463,184.59434532570546,10.607125554685778,184.61112156938697,15.302343336006983
464,184.95830124046884,10.813463340792463,185.00342248576519,15.425056991371337
465,185.31794557894085,11.026302820928937,185.39422896470654,15.551461329091758
466,185.67301458715303,11.24611375472276,185.7834595855873,15.68197962827775
467,186.02413944924703,11.472116629457227,185.95902201663432,15.794981065644983
468,186.37215821186615,11.70324316652254,186.34548977814876,15.93197380039937
469,186.71790892165373,11.938425087308913,186.7316362330383,16.071999260242663
470,187.06222962525308,12.176594113206606,187.11793086098518,16.21471170516571
471,187.40595836930757,12.416681965605818,187.50475127798808,16.359684964050082
472,187.74993320046067,12.657620365896864,187.67673869356463,16.4801541641956
473,188.0949921653555,12.898341035469878,188.0644776967389,16.62639188653947
474,188.44197331063563,13.137775695715172,188.4526754692375,16.772417144811357
475,188.7917146829442,13.37485606802294,188.84099501037937,16.917178086340684
476,189.14505432892466,13.60851387378342,189.2290993194834,17.059622858456812
477,189.50283029522035,13.837680834386871,189.61665139586847,17.198699608489154
478,189.86586754779577,14.061300472747632,189.79817002215617,17.310509427669533
479,190.23430506786278,14.27893521434862,190.18752645854764,17.44217975532963
480,190.6072718128897,14.49105873858354,190.57486506653694,17.568936448069962
481,190.9838157957023,14.69821775394315,190.95895382857177,17.69053514678227
482,191.3629850291264,14.900958968918255,191.33904747567726,17.806888955556992
483,191.74382752598805,15.099829091999679,191.71632294739695,17.91853281307314
484,192.12539129911286,15.295374831678151,192.09243161763632,18.026155137558806
485,192.50672436132686,15.488142896444574,192.4690248603011,18.130444347242204
486,192.88687472545593,15.678679994789643,192.8477540492971,18.23208886035138
487,193.26489040432583,15.867532835204202,193.2302705585299,18.331777095114525
488,193.63981941076244,16.055248126179013,193.61822576190525,18.430197469759754
489,194.0107097575917,16.242372576204914,194.01327103332886,18.528038402515232
490,194.37660945763938,16.429452893772655,194.41705774670635,18.625988311609046
491,194.73656652373143,16.617035787373077,194.83123727594358,18.724735615269353
492,195.08962896869366,16.805667965496944,195.0077684984247,18.8190517043313
493,195.43487159327296,16.99590297560299,195.43008230723584,18.92008623677733
494,195.7730542247571,17.18872455316025,195.8664849873223,19.02379028746461
495,196.1075941975136,17.385794896353666,196.03375497370058,19.122325459061322
496,196.4421428765859,17.58883595150171,196.48667472392745,19.23258836083665
497,196.78035162701707,17.799569664922778,196.65577909914307,19.337955217547197
498,197.1258718138505,18.019717982935283,197.12513114341223,19.45633038677191
499,197.4823548021294,18.25100285185773,197.60063908326035,19.577243041181383
500,197.8534519568969,18.495146218008436,197.7861876606441,19.699314724256734
501,198.24281464319628,18.75387002770594,198.26853439131293,19.82832578253877
502,198.65406367178744,19.028885311727233,198.7419476818924,19.95727123522313
503,199.0801309940835,19.318084497577917,198.95498134304046,20.101870828148478
504,199.48759702775743,19.609945906947093,199.39635097188054,20.22843772450247
505,199.8390533471529,19.891522844158334,199.76928802625488,20.33647048952856
506,200.09709152661364,20.149868613535215,200.0448127402898,20.416905499143848
507,200.22431001691874,20.3720386700545,,
508,200.1957651680722,20.548984763643297,,
509,200.0247115662988,20.683605409266168,,
510,199.73170031768979,20.78108115941247,,
511,199.3372825283365,20.846592566571523,,
512,198.86200930433031,20.88532018323273,,
513,198.32643175176236,20.902444561885297,,
514,197.7511009767242,20.903146255018726,,
515,197.1565680853068,20.89260581512224,,
516,196.5633841836019,20.876003794685296,,
517,195.9920933622204,20.858519046282666,,
518,195.45747063353153,20.843932522465355,,
519,194.95808564048863,20.832098467679334,,
520,194.48968364810625,20.822186753959112,,
521,194.0480099213989,20.813367253339255,,
522,193.62880972538093,20.804809837854204,,
523,193.22782832506687,20.79568437953855,,
524,192.84081098547114,20.7851607504268,,
525,192.4635029716082,20.772408822553516,,
526,192.09164954849263,20.756598467953157,,
527,191.72099598113874,20.736899558660298,,
528,191.34728753456105,20.712481966709433,,
529,190.96626947377408,20.6825155641351,,
530,190.57463593251708,20.646477182070072,,
531,190.1729254615654,20.60508732082433,,
532,189.76265010884953,20.559381407105114,,
533,189.34532192237504,20.510394867643903,,
534,188.9224529501475,20.459163129172126,,
535,188.49555524017228,20.406721618421237,,
536,188.06614084045512,20.354105762122753,,
537,187.63572179900143,20.30235098700804,,
538,187.2058097090502,20.252492321638506,,
539,186.77754115675575,20.205236457690095,,
540,186.35099895676433,20.16036745878989,,
541,185.9260821963545,20.117508526346448,,
542,185.50268996280505,20.076282861768284,,
543,185.0807213433944,20.03631366646392,,
544,184.66007542540135,19.997224141841883,,
545,184.24065129610432,19.958637489310682,,
546,183.82234804278212,19.92017691027888,,
547,183.40506475271332,19.881465606155,,
548,182.98870051317658,19.84212677834753,,
549,182.57315441145053,19.801783628265103,,
550,182.15832553481377,19.760059357316127,,
551,181.74411297054493,19.716577166909218,,
552,181.33041580592268,19.67096025845288,,
553,180.91713312822554,19.62283183335562,,
554,180.50416402473226,19.57181509302597,,
555,180.09140758272147,19.51753323887251,,
556,179.67876288947173,19.45960947230372,,
557,179.26612928094053,19.39767033095921,,
558,178.85343031108104,19.331667256995384,,
559,178.44063370110877,19.262144233041575,,
560,178.02771186820914,19.189708242063254,,
561,177.61463722956773,19.114966267025736,,
562,177.20138220236984,19.038525290894338,,
563,176.7879192038009,18.960992296634508,,
564,176.37422065104633,18.882974267211527,,
565,175.96025896129177,18.805078185590872,,
566,175.54600655172248,18.727911034737833,,
567,175.13143583952393,18.65207979761778,,
568,174.7165192418816,18.578191457196098,,
569,174.30122917598092,18.50685299643817,,
570,173.88553805900727,18.43867139830932,,
571,173.46941830814617,18.374253645774946,,
572,173.0528423877833,18.314206038813634,,
573,172.63580154547373,18.258863084914683,,
574,172.21833439393714,18.20787391756701,,
575,171.80048689593926,18.16078131508821,,
576,171.3823050142455,18.117128055795845,,
577,170.9638347116214,18.07645691800754,,
578,170.54512195083242,18.03831068004086,,
579,170.126212694644,18.002232120213407,,
580,169.7071529058219,17.967764016842807,,
581,169.28798854713136,17.93444914824653,,
582,168.868765581338,17.901830292742275,,
583,168.44952997120737,17.869450228647565,,
584,168.0303276795048,17.83685173428001,,
585,167.61120466899595,17.803577587957193,,
586,167.19220690244637,17.769170567996756,,
587,166.7733803426214,17.733173452716162,,
588,166.35477094130346,17.695129126256912,,
589,165.93641252860934,17.65469726514997,,
590,165.51830364508092,17.611877561409642,,
591,165.10043644463266,17.56673124227684,,
592,164.6828030811793,17.51931953499251,,
593,164.26539570863545,17.46970366679763,,
594,163.8482064809158,17.417944864933123,,
595,163.43122755193502,17.36410435663994,,
596,163.0144510756079,17.308243369159097,,
597,162.59786920584887,17.25042312973146,,
598,162.1814740965727,17.190704865598025,,
599,161.7652579016941,17.129149803999745,,
600,161.34921277512774,17.06581917217757,,
601,160.9333242366866,17.000855687695495,,
602,160.5175401072511,16.934865144865032,,
603,160.10179490884337,16.86861669519687,,
604,159.686023148436,16.80287967506209,,
605,159.27015933300174,16.738423420831758,,
606,158.8541379695132,16.67601726887696,,
607,158.43789356494315,16.616430555568776,,
608,158.02136062626408,16.560432617278273,,
609,157.6044736604488,16.508792790376496,,
610,157.18716717446998,16.462280411234566,,
611,156.76937567530024,16.421664816223522,,
612,156.3510424798225,16.38760614606524,,
613,155.9321874169652,16.359816202367575,,
614,155.5128696406278,16.337519367957263,,
615,155.09314862760854,16.319936023445155,,
616,154.6730838547057,16.30628654944214,,
617,154.25273479871757,16.29579132655902,,
618,153.83216093644245,16.287670735406696,,
619,153.41142174467865,16.28114515659595,,
620,152.99057670022447,16.275434970737685,,
621,152.56968527987812,16.269760558442712,,
622,152.14880696043798,16.263342300321888,,
623,151.72800121870233,16.25540057698604,,
624,151.30732753146958,16.24515576904608,,
625,150.8868435139658,16.231854484664456,,
626,150.46656896587137,16.215276112469727,,
627,150.04648845697093,16.19569639251251,,
628,149.6265852134208,16.1734099951275,,
629,149.20684246137725,16.148711590649487,,
630,148.7872434269964,16.12189584941315,,
631,148.36777133643463,16.09325744175323,,
632,147.94840941584815,16.06309103800451,,
633,147.52914089139298,16.031691308501614,,
634,147.10994898922573,15.999352923579414,,
635,146.69081693550243,15.966370553572526,,
636,146.27172795637935,15.933038868815746,,
637,145.85266527801278,15.899652539643794,,
638,145.4336121265588,15.866506236391366,,
639,145.01455174198983,15.833894304863996,,
640,144.59547169230936,15.802009428005597,,
641,144.17637000100635,15.77079869566698,,
642,143.75724623901777,15.740172849079082,,
643,143.3380999772803,15.710042629472936,,
644,142.91893078673093,15.680318778079508,,
645,142.49973823830635,15.650912036129752,,
646,142.08052190294347,15.621733144854675,,
647,141.6612813515791,15.592692845485303,,
648,141.2420161551499,15.563701879252543,,
649,140.82272588459304,15.534670987387468,,
650,140.40341011084504,15.50551091112101,,
651,139.9840684048429,15.476132391684162,,
652,139.56470033752333,15.446446170307865,,
653,139.14530547982312,15.416362988223195,,
654,138.72588340267933,15.38579358666107,,
655,138.3064336770285,15.354648706852526,,
656,137.88695587380766,15.322839090028468,,
657,137.46744956395358,15.290275477419959,,
658,137.04791431840297,15.256868610257978,,
659,136.62834972567117,15.222531192648146,,
660,136.20875691452153,15.18734791897801,,
661,135.78913973227614,15.151707048850744,,
662,135.36950230361825,15.116027813094746,,
663,134.94984875323075,15.08072944253825,,
664,134.53018320579702,15.046231168009573,,
665,134.11050978600002,15.01295222033713,,
666,133.69083261852288,14.98131183034915,,
667,133.27115582804868,14.951729228874001,,
668,132.85148353926058,14.924623646739974,,
669,132.4318198768417,14.900414314775382,,
670,132.01216896547513,14.879520463808534,,
671,131.59253492984394,14.862361324667752,,
672,131.17292189463132,14.849356128181393,,
673,130.75333398452017,14.840924105177752,,
674,130.33377532419385,14.83748448648513,,
675,129.91424942135103,14.83938125820122,,
676,129.49475566117368,14.846455642212302,,
677,129.07529173938897,14.85834282185632,,
678,128.65585534661477,14.874677357322728,,
679,128.23644417346864,14.895093808800935,,
680,127.81705591056826,14.919226736480326,,
681,127.39768824853128,14.946710700550344,,
682,126.97833887797532,14.977180261200361,,
683,126.55900548951807,15.010269978619798,,
684,126.13968577377729,15.045614412998093,,
685,125.72037742137049,15.082848124524599,,
686,125.30107812291536,15.121605673388752,,
687,124.88178556902955,15.161521619779986,,
688,124.46249745033086,15.202230523887673,,
689,124.04321145743683,15.243366945901254,,
690,123.62392528096514,15.284565446010124,,
691,123.20463661153342,15.32546058440365,,
692,122.78534313975932,15.3656869212713,,
693,122.3660425565537,15.404894162905963,,
694,121.94673255670517,15.442932361598952,,
695,121.52741083774666,15.479793369884382,,
696,121.1080750972694,15.515472037004072,,
697,120.68872303286443,15.549963212199765,,
698,120.26935234212287,15.583261744713209,,
699,119.84996072263586,15.615362483786189,,
700,119.4305458719944,15.64626027866038,,
701,119.01110548778972,15.675949978577696,,
702,118.59163726761275,15.704426432779739,,
703,118.17213890905474,15.73168449050835,,
704,117.7526081097067,15.75771900100524,,
705,117.33304256715984,15.782524813512197,,
706,116.91343997900513,15.806096777270987,,
707,116.49379804283372,15.82842974152335,,
708,116.07411445623673,15.849518555511006,,
709,115.65438691680525,15.86935806847579,,
710,115.23461312213041,15.887943129659416,,
711,114.81479076980325,15.90526858830364,,
712,114.39491755741486,15.921329293650247,,
713,113.97499119151041,15.936120210297235,,
714,113.55501066246974,15.949652842761774,,
715,113.13497756986331,15.961972310321977,,
716,112.7148938298593,15.973127811054983,,
717,112.2947613586261,15.983168543038124,,
718,111.87458207233205,15.992143704348655,,
719,111.45435788714545,16.000102493063828,,
720,111.03409071923468,16.007094107260894,,
721,110.61378248476791,16.01316774501709,,
722,110.1934350999135,16.01837260440972,,
723,109.77305048083991,16.022757883516007,,
724,109.35263054371529,16.02637278041322,,
725,108.93217720470807,16.02926649317863,,
726,108.5116923799865,16.031488219889468,,
727,108.0911779857189,16.033087158622987,,
728,107.67063593807362,16.034112507456474,,
729,107.25006815321903,16.03461346446722,,
730,106.82947654732332,16.034639227732395,,
731,106.40886303655492,16.034238995329336,,
732,105.988229537082,16.033461965335224,,
733,105.56757796507308,16.032357335827395,,
734,105.1469102366964,16.030974304883074,,
735,104.72622827305959,16.029362141387256,,
736,104.30553488302125,16.02758284040351,,
737,103.88483478304504,16.02572574309318,,
738,103.46413293674632,16.023883733613822,,
739,103.0434343077404,16.022149696122927,,
740,102.62274385964261,16.020616514778,,
741,102.2020665560684,16.01937707373662,,
742,101.78140736063318,16.01852425715629,,
743,101.36077123695226,16.018150949194514,,
744,100.940163148641,16.01835003400882,,
745,100.51958805931474,16.019214395756748,,
746,100.0990509325889,16.020836918595798,,
747,99.67855673207886,16.0233104866835,,
748,99.25811042139999,16.02672798417741,,
749,98.83771696416764,16.031182295234995,,
750,98.41738132399718,16.03676630401382,,
751,97.99710846450392,16.0435728946714,,
752,97.57690334930338,16.051694951365278,,
753,97.1567709420108,16.06122535825293,,
754,96.73671620624165,16.072256999491913,,
755,96.31674410561122,16.08488275923976,,
756,95.89685960373484,16.099195521653943,,
757,95.477067664228,16.11528817089204,,
758,95.05737324936203,16.13325356994231,,
759,94.63777910399075,16.153149655102894,,
760,94.21828123522617,16.174928236056935,,
761,93.79887437516972,16.198521039713864,,
762,93.37955325592314,16.223859792983156,,
763,92.9603126095878,16.250876222774256,,
764,92.5411471682654,16.27950205599662,,
765,92.12205166405731,16.309669019559685,,
766,91.70302082906514,16.341308840372925,,
767,91.2840493953905,16.37435324534576,,
768,90.86513209513487,16.408733961387664,,
769,90.44626366039981,16.444382715408086,,
770,90.02743882328689,16.481231234316464,,
771,89.6086523158975,16.519211245022248,,
772,89.18989887033338,16.55825447443489,,
773,88.771173218696,16.59829264946387,,
774,88.35247009308688,16.63925749701861,,
775,87.9337842256076,16.681080744008536,,
776,87.51511034835958,16.72369411734315,,
777,87.09644319344454,16.767029343931867,,
778,86.67777749296394,16.811018150684152,,
779,86.25910797901936,16.85559226450945,,
780,85.84042938371229,16.90068341231726,,
781,85.42173642536301,16.94621847643789,,
782,85.00302343963554,16.991989821588984,,
783,84.58428433903913,17.03764105843981,,
784,84.16551301417674,17.082808096757613,,
785,83.74670335565139,17.127126846309597,,
786,83.327849254066,17.170233216863025,,
787,82.90894460002357,17.21176311818507,,
788,82.48998328412708,17.25135246004298,,
789,82.07095919697947,17.288637152204004,,
790,81.65186622918375,17.323253104435313,,
791,81.23269827134283,17.354836226504187,,
792,80.81344921405969,17.383022428177778,,
793,80.39411294793736,17.407447619223376,,
794,79.97468336357876,17.427747709408145,,
795,79.55515435158686,17.443558608499362,,
796,79.13551980256454,17.4545162262642,,
797,78.71577385853058,17.46027246509746,,
798,78.29591773120475,17.46092893341202,,
799,77.87596050093104,17.45708776535985,,
800,77.45591165982768,17.449377288201365,,
801,77.03578070001305,17.438425829197023,,
802,76.61557711360557,17.424861715607307,,
803,76.19531039272353,17.409313274692654,,
804,75.77499002948528,17.392408833713553,,
805,75.3546255160091,17.374776719930413,,
806,74.93422634441342,17.357045260603737,,
807,74.51380200681656,17.339842782993937,,
808,74.09336199533688,17.323797614361546,,
809,73.67291580209266,17.309538081966974,,
810,73.25247291920225,17.297692513070665,,
811,72.83204283305922,17.288888828868785,,
812,72.41163167382108,17.283516891929875,,
813,71.99123657233895,17.28132824185751,,
814,71.57085316685529,17.28196854715146,,
815,71.15047709561237,17.285083476311513,,
816,70.73010399685273,17.290318697837417,,
817,70.30972950881862,17.29731988022897,,
818,69.88934926975246,17.305732691985927,,
819,69.46895891789664,17.315202801608088,,
820,69.04855409149349,17.325375877595263,,
821,68.62813045089605,17.335897749920633,,
822,68.2076870858602,17.34643929344922,,
823,67.7872301964249,17.356723309364526,,
824,67.36676686605283,17.366479050483854,,
825,66.94630417820666,17.37543576962447,,
826,66.52584921634913,17.383322719603584,,
827,66.1054090639429,17.38986915323855,,
828,65.6849908044506,17.394804323346616,,
829,65.26460152133504,17.39785748274509,,
830,64.84424829805876,17.398757884251175,,
831,64.4239382180846,17.39723478068219,,
832,64.00367836487517,17.39301742485542,,
833,63.583475818152465,17.385835222088822,,
834,63.16333428473746,17.375555085130994,,
835,62.74324788606817,17.362434706456924,,
836,62.323209052307355,17.346800728956737,,
837,61.90321021361772,17.32897979552063,,
838,61.48324380016199,17.309298549038726,,
839,61.06330224210281,17.288083632401055,,
840,60.643377969602874,17.2656616884978,,
841,60.22346341282503,17.242359360219154,,
842,59.803551001931886,17.21850329045515,,
843,59.38363316799311,17.19442017813501,,
844,58.96370255847565,17.170450092717164,,
845,58.54375231607631,17.146963702422877,,
846,58.12377565246796,17.124335937283252,,
847,57.703765779323305,17.102941727329295,,
848,57.283715908315116,17.083156002592148,,
849,56.86361925111612,17.065353693102754,,
850,56.44346901939903,17.0499097288922,,
851,56.02325842483673,17.037199039991545,,
852,55.602980679101904,17.02759655643186,,
853,55.18262899386728,17.021477208244164,,
854,54.76219658080568,17.019215925459488,,
855,54.34167665391383,17.021187549687706,,
856,53.921071644663,17.027416238103427,,
857,53.500414131541554,17.03677918620942,,
858,53.079742846575556,17.0479194744121,,
859,52.65909652179108,17.059480183117827,,
860,52.238513889214175,17.07010439273301,,
861,51.81803368087098,17.07843518366405,,
862,51.397694628787576,17.08311563631726,,
863,50.97753546498999,17.082788831099137,,
864,50.55759492150429,17.076097848415966,,
865,50.13791167145958,17.061687674978987,,
866,49.71850157923444,17.038941542132854,,
867,49.299323261143485,17.009095613770658,,
868,48.88032649525243,16.973672118989484,,
869,48.4614610596269,16.934193286886423,,
870,48.04267673233271,16.892181346558615,,
871,47.6239232914355,16.849158527103178,,
872,47.20515051500094,16.80664705761714,,
873,46.78630818109474,16.76616916719769,,
874,46.367346067782584,16.72924708494187,,
875,45.94821395313022,16.697403039946845,,
876,45.528861615203304,16.67215926130968,,
877,45.10923883206753,16.655037978127496,,
878,44.689313888100344,16.646982764008335,,
879,44.26912967407556,16.646604399217836,,
880,43.8487478787923,16.65192588723166,,
881,43.42823019105006,16.660970231515325,,
882,43.00763829964821,16.671760435534186,,
883,42.58703389338622,16.68231950275374,,
884,42.16647866106345,16.690670436639362,,
885,41.74603429147947,16.694836240656507,,
886,41.32576240369498,16.69284285261056,,
887,40.905707616257196,16.683431527726746,,
888,40.48587546662255,16.666987905966423,,
889,40.06626602125884,16.644127825835604,,
890,39.646879346633945,16.615467125840343,,
891,39.227715509215656,16.58162164448655,,
892,38.808774575471766,16.54320722028026,,
893,38.39005661187006,16.50083969172747,,
894,37.97156168487834,16.455134897334172,,
895,37.55328986096451,16.406708675606342,,
896,37.1352412065963,16.356176865050024,,
897,36.71741578824156,16.304155304171154,,
898,36.29981364438225,16.251237508034443,,
899,35.88243435317113,16.197649800907225,,
900,35.46527711585165,16.14331785775003,,
901,35.04834112257463,16.08815850537128,,
902,34.63162556349092,16.032088570579525,,
903,34.21512962875142,15.975024880183295,,
904,33.79885250850695,15.916884260991045,,
905,33.382793392908475,15.857583539811348,,
906,32.96695147210679,15.797039543452657,,
907,32.551325936252816,15.735169098723476,,
908,32.1359159754974,15.67188903243238,,
909,31.720719842387417,15.60712343841783,,
910,31.305707181073664,15.54101814388227,,
911,30.89081446238153,15.47397609051107,,
912,30.475976300269274,15.406414611897304,,
913,30.061127308695134,15.338751041634119,,
914,29.646202101617362,15.271402713314599,,
915,29.231135292994292,15.204786960531893,,
916,28.815861496784166,15.139321116879124,,
917,28.400315326945222,15.075422515949397,,
918,27.98443139743573,15.013508491335791,,
919,27.568144322213925,14.953996376631466,,
920,27.151388715238152,14.89730350542955,,
921,26.734099190466626,14.843847211323148,,
922,26.316210361857618,14.794044827905354,,
923,25.897661644093994,14.748286715933268,,
924,25.47849996479501,14.706359175519573,,
925,25.058878175656353,14.667453373131101,,
926,24.63895361130415,14.630735287922572,,
927,24.2188836063645,14.595370899048502,,
928,23.79882549546356,14.560526185663669,,
929,23.37893661322741,14.52536712692266,,
930,22.959374294282284,14.489059701980139,,
931,22.540295873254273,14.450769889990772,,
932,22.121858684769503,14.409663670109195,,
933,21.704220063454066,14.364907021490037,,
934,21.287537343934194,14.315665923287982,,
935,20.871967860835973,14.261106354657679,,
936,20.45766894878554,14.200394294753755,,
937,20.044797886971512,14.132695966571715,,
938,19.633433536667077,14.057522512799025,,
939,19.223420172562818,13.97541690069367,,
940,18.81455839174251,13.887114212626111,,
941,18.406648791289967,13.793349530966854,,
942,17.999491968289018,13.694857938086365,,
943,17.59288851982344,13.592374516355225,,
944,17.186639042977113,13.48663434814381,,
945,16.780544134833836,13.378372515822688,,
946,16.374404392477416,13.268324101762326,,
947,15.968020412991676,13.15722418833324,,
948,15.56119279346039,13.04580785790591,,
949,15.153722130967465,12.93481019285084,,
950,14.745409022596672,12.824966275538522,,
951,14.33605406543183,12.717011188339447,,
952,13.925457856556761,12.611680013624131,,
953,13.51349468499307,12.50952492490522,,
954,13.100696013565527,12.409466941552417,,
955,12.687938487592762,12.309570314371959,,
956,12.276101814683434,12.207891693339116,,
957,11.866065702446214,12.102487728429088,,
958,11.458709858489714,11.991415069617156,,
959,11.054913990422705,11.872730366878585,,
960,10.655557805853789,11.74449027018859,,
961,10.261521012391642,11.604751429522437,,
962,9.873683317644922,11.451570494855353,,
963,9.492924429222263,11.283004116162582,,
964,9.120013817573119,11.097384538295263,,
965,8.75483479918895,10.895259406896386,,
966,8.396843731672844,10.678243772489662,,
967,8.045494231383286,10.447959538759251,,
968,7.70023991467875,10.206028609389397,,
969,7.360534397917812,9.95407288806439,,
970,7.0258312974589385,9.693714278468459,,
971,6.695584229660623,9.42657468428583,,
972,6.369246810881379,9.154276009200744,,
973,6.046279940705245,8.878428809474224,,
974,5.726695149129945,8.599785747256272,,
975,5.411430121478044,8.317656514640026,,
976,5.10151135724443,8.031212429314499,,
977,4.797965355924014,7.739624808968676,,
978,4.5018186170116445,7.442064971291453,,
979,4.214097640002295,7.137704233971904,,
980,3.9358289243908295,6.825713914699003,,
981,3.6679561788991837,6.505324119808275,,
982,3.409667522253887,6.1770115771614575,,
983,3.158474272213838,5.842443689086894,,
984,2.911820723986296,5.503335449751545,,
985,2.6671511727784556,5.161401853322416,,
986,2.4219099137975233,4.818357893966404,,
987,2.173541242250718,4.475918565850521,,
988,1.9194894989118503,4.135798839747582,,
989,1.6590492896347768,3.7987637543413566,,
990,1.398280611804426,3.462104974375348,,
991,1.1447893288882922,3.1223205119356705,,
992,0.9061813043538388,2.7759083791083907,,
993,0.6900624016686235,2.4193665879798134,,
994,0.5040376346760563,2.0491935711755205,,
995,0.35324824712160063,1.6631072566962355,,
996,0.2349650135793232,1.2627212285381721,,
997,0.1448904715799485,0.8504253029535382,,
998,0.07872715865422904,0.42860929619464294,,
999,0.032177612332892444,-0.00033697548629320014,,
